Unnamed: 0,"> Western Australia ;  Agriculture, Forestry and Fishing ;  Employed total ;",> Western Australia ;  Mining ;  Employed total ;,> Western Australia ;  Manufacturing ;  Employed total ;,"> Western Australia ;  Electricity, Gas, Water and Waste Services ;  Employed total ;",> Western Australia ;  Construction ;  Employed total ;,> Western Australia ;  Wholesale Trade ;  Employed total ;,> Western Australia ;  Retail Trade ;  Employed total ;,> Western Australia ;  Accommodation and Food Services ;  Employed total ;,"> Western Australia ;  Transport, Postal and Warehousing ;  Employed total ;",> Western Australia ;  Information Media and Telecommunications ;  Employed total ;,> Western Australia ;  Financial and Insurance Services ;  Employed total ;,"> Western Australia ;  Rental, Hiring and Real Estate Services ;  Employed total ;","> Western Australia ;  Professional, Scientific and Technical Services ;  Employed total ;",> Western Australia ;  Administrative and Support Services ;  Employed total ;,> Western Australia ;  Public Administration and Safety ;  Employed total ;,> Western Australia ;  Education and Training ;  Employed total ;,> Western Australia ;  Health Care and Social Assistance ;  Employed total ;,> Western Australia ;  Arts and Recreation Services ;  Employed total ;,> Western Australia ;  Other Services ;  Employed total ;,> Western Australia ;  Employed total ;
Unit,000,000,000,000,000,000,000,000,000,000,000,000,000,000,000,000,000,000,000,000
Series Type,Original,Original,Original,Original,Original,Original,Original,Original,Original,Original,Original,Original,Original,Original,Original,Original,Original,Original,Original,Original
Data Type,STOCK,STOCK,STOCK,STOCK,STOCK,STOCK,STOCK,STOCK,STOCK,STOCK,STOCK,STOCK,STOCK,STOCK,STOCK,STOCK,STOCK,STOCK,STOCK,STOCK
Frequency,Quarter,Quarter,Quarter,Quarter,Quarter,Quarter,Quarter,Quarter,Quarter,Quarter,Quarter,Quarter,Quarter,Quarter,Quarter,Quarter,Quarter,Quarter,Quarter,Quarter
Collection Month,2,2,2,2,2,2,2,2,2,2,2,2,2,2,2,2,2,2,2,2
Series Start,1984-11-01 00:00:00,1984-11-01 00:00:00,1984-11-01 00:00:00,1984-11-01 00:00:00,1984-11-01 00:00:00,1984-11-01 00:00:00,1984-11-01 00:00:00,1984-11-01 00:00:00,1984-11-01 00:00:00,1984-11-01 00:00:00,1984-11-01 00:00:00,1984-11-01 00:00:00,1984-11-01 00:00:00,1984-11-01 00:00:00,1984-11-01 00:00:00,1984-11-01 00:00:00,1984-11-01 00:00:00,1984-11-01 00:00:00,1984-11-01 00:00:00,1984-11-01 00:00:00
Series End,2024-08-01 00:00:00,2024-08-01 00:00:00,2024-08-01 00:00:00,2024-08-01 00:00:00,2024-08-01 00:00:00,2024-08-01 00:00:00,2024-08-01 00:00:00,2024-08-01 00:00:00,2024-08-01 00:00:00,2024-08-01 00:00:00,2024-08-01 00:00:00,2024-08-01 00:00:00,2024-08-01 00:00:00,2024-08-01 00:00:00,2024-08-01 00:00:00,2024-08-01 00:00:00,2024-08-01 00:00:00,2024-08-01 00:00:00,2024-08-01 00:00:00,2024-08-01 00:00:00
No. Obs,160,160,160,160,160,160,160,160,160,160,160,160,160,160,160,160,160,160,160,160
Series ID,A84601506X,A84601509F,A84601512V,A84601491V,A84601530X,A84601533F,A84601536L,A84601464L,A84601479C,A84601515A,A84601482T,A84601539V,A84601494A,A84601521W,A84601524C,A84601476W,A84601497J,A84601467V,A84601542J,A84601488F
1984-11-01 00:00:00,42.1603451,24.59456,71.4840491,12.3054398,44.2110544,29.2566571,66.1327237,32.4265823,38.124816,13.7758413,24.312004,10.2024817,23.6731534,10.8115449,31.9657134,41.3362659,52.972275,6.4027501,27.1453762,603.2936334
1985-02-01 00:00:00,44.7042463,26.4481558,71.6655042,11.1847086,46.1534352,29.2163586,65.3067786,33.8351994,38.2825778,13.3633822,26.4302228,10.6013379,24.8567192,11.0511177,28.6710648,38.0994543,52.2984459,7.8526909,27.8489648,607.8703651
1985-05-01 00:00:00,47.3917475,25.7890529,72.2320623,12.3323051,43.7528774,28.3453335,69.7477207,33.0496385,37.5471947,13.7880464,25.7464677,10.4772597,26.4563433,11.7178225,30.9551814,43.7198897,54.836776,6.9636287,28.1667334,623.0160815
1985-08-01 00:00:00,49.4215525,26.7397995,72.659039,11.0432841,45.1131054,29.5896216,65.8898662,31.929106,37.4776606,12.1307371,22.2896586,10.2037728,26.1279819,11.6155759,31.5482965,44.2232816,57.8396687,7.3897438,28.8841498,622.1159017
1985-11-01 00:00:00,50.3814626,27.972328,73.5484945,10.681005,47.2744862,31.4411436,72.5639447,37.2330876,37.6509849,14.2777547,22.4398139,10.2233617,26.1637684,12.621573,32.3084543,48.407583,56.5973149,6.8593307,30.1305554,648.7764469
1986-02-01 00:00:00,45.8776826,31.7945536,71.7417327,12.3322705,47.7354681,33.1925961,71.8414066,36.3549803,36.9720742,14.3138364,27.0790692,9.947301,25.3467573,11.5781897,31.9623387,44.1034304,56.7328527,7.5220482,30.6830845,647.1116728
1986-05-01 00:00:00,50.6508513,28.3371752,75.9097028,11.8239544,52.9495263,31.635952,72.7547152,31.6704293,39.0907244,13.9971836,26.9244632,9.1727765,26.0380416,12.3885124,31.1839949,48.555687,57.4240556,8.6653382,30.5722917,659.7453757
1986-08-01 00:00:00,51.0865393,25.3155311,72.0228112,12.3732731,51.0242455,32.0413188,74.8109063,31.5505501,38.1340556,12.5109475,26.1876252,10.882081,26.9542725,12.3731906,29.2760815,50.0845568,60.9060462,9.602458,32.170242,659.3067322
1986-11-01 00:00:00,53.5313186,25.6993653,72.536202,13.0152955,47.4794433,32.5423578,78.389716,33.4637206,38.7011056,13.033474,25.3518392,11.6934061,28.9240231,12.719073,27.9617911,48.1500253,59.7840756,9.4976266,30.7856558,663.2595145
1987-02-01 00:00:00,51.726353,28.5945204,73.9262986,13.0571758,47.3838018,34.292298,82.0766744,37.9920142,34.9515447,12.577123,25.10646,10.1591031,29.8582535,13.0048816,29.1067513,41.4312428,60.3674167,7.3939955,32.4883405,665.4942488
1987-05-01 00:00:00,53.0849473,28.8688352,78.4609812,11.7073903,48.7316758,33.161619,76.0390348,36.0004403,32.9758174,14.4373095,30.4173128,11.4661876,29.3653765,12.5917309,29.6983879,44.7844839,57.7057739,8.3741473,30.4030265,668.2744781
1987-08-01 00:00:00,50.6750316,25.8240934,81.5888432,10.3778233,47.1646141,35.0261072,77.4399177,36.3494406,34.1777554,14.8357109,32.4883007,12.3378322,33.3164239,13.5071195,31.0573284,43.8103895,57.9750685,8.4823192,30.6897599,677.123879
1987-11-01 00:00:00,47.0564607,24.9489011,84.6213051,11.2706883,57.647944,33.5294138,79.0491942,35.9333902,36.302264,13.7335903,28.066694,11.8223641,29.8730114,14.4696048,31.5086328,49.1773159,55.9220471,7.7818161,35.7809216,688.4955594
1988-02-01 00:00:00,51.641016,25.9460833,80.0489641,12.5988199,55.8971639,31.5611134,79.4102701,38.2197071,36.7980918,14.6571965,27.0565269,12.091282,31.2723233,14.2439052,38.8803939,43.3341514,53.8297172,8.4863186,35.8587441,691.8317886
1988-05-01 00:00:00,59.7414229,22.2607124,80.6800538,10.5995331,56.7324707,37.58359,78.3674872,38.204074,36.6819378,13.5785425,29.0071226,10.8587238,32.5636617,13.8416218,39.3962794,44.0039965,55.9918655,8.6954169,32.8240803,701.612593
1988-08-01 00:00:00,56.869242,26.2665277,80.8592825,11.1939896,59.4885852,37.1191526,75.3644222,39.8983921,37.7328047,14.2361175,29.4894893,12.3278457,32.5485145,13.6923561,37.0848573,45.2430281,60.3746328,8.8629625,33.6419184,712.2941208
1988-11-01 00:00:00,54.2736471,26.3066455,87.32643,11.9090581,61.307154,41.3257,84.5896601,41.6500239,36.9176383,15.0563848,27.14283,12.4318644,35.0947864,14.8135638,32.2830747,43.673672,60.0772061,10.3879009,32.4830545,729.0502945
1989-02-01 00:00:00,44.8116583,26.2761479,87.8327915,11.9387854,65.5819068,41.1943112,88.065399,44.0575588,39.148065,14.9863931,24.8207926,13.7267194,34.8795581,14.7304099,32.3236006,43.5734857,61.8028644,9.7838928,34.9346365,734.4689771
1989-05-01 00:00:00,47.2077974,25.3328527,83.6393613,11.001383,61.9617725,42.1876877,84.4672626,43.3919527,41.0770802,15.2901821,24.5980707,13.289032,34.3812728,14.6616657,30.9223756,51.5646733,63.8697152,11.0656513,35.7563115,735.6661003
1989-08-01 00:00:00,41.7817816,29.307292,82.9550414,11.3528762,62.5021307,39.4664429,84.3487391,42.6734448,40.0174371,15.4656149,24.7467399,15.4089984,35.957122,16.3976735,36.180965,53.438016,61.1540728,10.2640384,36.0395651,739.457992
1989-11-01 00:00:00,45.7571567,28.003303,82.7629595,10.6553494,61.6738676,42.3573766,87.7960827,46.9035396,36.3670012,14.1299509,27.3034887,13.6225567,37.0422833,15.8909876,38.486724,51.2562865,57.9296181,10.9757194,36.4455178,745.3597692
1990-02-01 00:00:00,51.4161726,26.7921532,84.5776465,10.110019,59.7449866,39.9981643,88.5013373,47.1941837,34.8696427,12.7793022,29.5609214,14.9560171,36.2058921,15.253741,35.4953444,52.2424994,59.1490831,10.8274521,36.6283335,746.3028922
1990-05-01 00:00:00,52.3992426,26.434407,84.1477222,12.0447875,51.4521363,38.3318521,89.6390213,46.122147,36.5826289,13.3566646,29.4707289,19.6514152,35.2373996,15.6283853,36.7683548,51.2666289,60.7798118,9.1695115,36.5427236,745.0255691
1990-08-01 00:00:00,51.2507061,25.0275852,87.7151487,12.3489457,52.8468523,37.2885953,86.5102163,43.6052133,37.1633075,13.4370091,27.491677,18.1563754,34.8870182,15.5764689,39.0516089,54.8580905,59.0180837,10.3283573,37.0199947,743.5812541
1990-11-01 00:00:00,48.0345209,26.2880115,85.6832129,10.521654,53.1182186,34.8322935,85.5193522,46.4121392,38.7302223,13.2878917,28.9085918,16.2836995,34.0277494,16.4032631,39.8826965,53.6013309,60.6133853,8.6268151,37.2453935,738.0204418
1991-02-01 00:00:00,44.3215079,31.7066955,86.3790466,12.1740951,47.0863259,33.9909801,83.1502311,44.42522,37.5567195,14.128982,29.3608431,15.9395905,37.8345099,16.2402958,39.8940404,50.4752073,63.7646956,9.158796,34.1845165,731.7722988
1991-05-01 00:00:00,44.8021481,25.1790728,77.9877665,10.7395576,50.4189471,34.6681239,88.2511296,47.5301003,41.6639273,14.2281776,29.877442,15.6711042,39.0763321,15.2961127,38.3265463,52.227617,66.269534,9.6769674,33.9234547,735.8140613
1991-08-01 00:00:00,36.885034,29.2603074,69.9690479,11.4430272,47.9686304,37.5345497,85.1755284,46.6381414,40.9681583,13.8781171,28.9031014,13.855922,40.5142504,16.7637441,39.8813038,54.7908924,69.8452744,10.7477067,33.7505166,728.7732533
1991-11-01 00:00:00,34.2509811,26.2067272,78.9184268,11.4165458,52.5968091,37.0972915,84.4401926,45.8785707,40.4115629,12.6655409,30.2668052,15.6757968,39.3404762,16.9874756,35.746072,56.3134628,68.0510967,9.7503849,35.8917748,731.9059937
1992-02-01 00:00:00,33.5282154,28.8254053,76.1178208,12.3409372,50.190318,32.7675545,85.8306604,44.3624823,38.0961062,13.0261951,32.6229875,15.6925953,38.9506469,17.0181063,36.7520441,53.2734965,66.5361788,10.4291597,38.696848,725.0577581
1992-05-01 00:00:00,39.1437592,26.9996155,75.9665562,10.7714893,54.109105,35.5984072,85.4843444,46.6210309,38.5370846,13.0873038,30.7480269,14.2194785,38.7986935,17.1089566,37.0892414,56.6685559,66.4255707,7.9539656,39.9762009,735.3073862
1992-08-01 00:00:00,38.1143742,27.1907153,75.059946,10.0391173,54.8389929,37.5752856,84.6890936,44.1342162,38.5271176,13.9845244,33.4371893,11.8237562,37.5821183,16.59734,36.4372842,53.504329,74.4791555,8.3231295,37.2469258,733.584611
1992-11-01 00:00:00,48.4834185,28.6455964,80.3127115,10.9954437,58.9032485,33.0919875,78.2896534,42.9797551,37.0454101,14.329945,24.7618192,16.2195131,38.5779208,16.1554083,40.0639574,54.0665321,67.9036571,9.90292,36.3662891,737.0951868
1993-02-01 00:00:00,43.319903,27.3461428,78.6405656,12.7175997,53.7528442,35.9818325,83.5638037,42.3967615,40.969457,14.1316538,27.0481849,11.6927275,38.5652481,17.5477908,43.8095904,51.348045,64.4221333,10.0361432,37.5945261,734.8849531
1993-05-01 00:00:00,43.1722838,26.7442477,78.6627644,12.8254598,62.6082153,38.3015163,80.6750079,44.2215812,37.7647457,14.2759415,26.2798943,13.8800569,37.3467349,17.9827742,42.5629674,56.3818382,74.513391,11.3647873,36.9606112,756.524819
1993-08-01 00:00:00,41.1905135,27.309245,74.591278,11.5208381,66.2694638,38.7931812,80.6106284,44.6121188,37.1335843,12.0757931,27.8800688,15.3861256,41.8137675,17.3086507,46.7982535,57.6955804,69.5695197,11.0959123,36.2716808,757.9262033
1993-11-01 00:00:00,44.3412499,28.3898021,80.7076508,10.808644,63.7395425,39.443404,83.6364838,45.7138717,39.6059891,13.7952155,28.5398125,14.81723,41.9898266,17.2432215,41.5195071,57.691699,71.1600777,10.2492475,39.4885009,772.8809762
1994-02-01 00:00:00,43.1949058,26.1858245,79.9637166,10.2573731,65.5313331,38.3990902,84.5482744,51.1699896,45.2104141,12.7624933,31.4347059,16.7986554,42.9925609,17.4307545,42.4994016,55.7447309,65.573458,9.7419778,39.1784255,778.6180854
1994-05-01 00:00:00,45.2872392,29.7899102,80.3416344,9.7843902,64.8014231,43.0935504,83.2259272,46.9139298,41.7316574,14.0519262,30.6608055,16.133281,46.1814483,18.221455,43.6493557,57.3034329,61.2050544,12.1934218,37.7047304,782.2745732
1994-08-01 00:00:00,43.9079252,31.942758,78.5633304,11.056505,69.0936639,38.9823989,82.6912922,48.4913211,41.3381736,14.4103699,27.0399969,15.3374771,50.0629694,18.7520831,39.6006779,60.2421056,69.820056,15.2400546,36.7613144,793.3344733
1994-11-01 00:00:00,41.6626123,32.996987,73.176472,9.6214571,72.8562843,36.6772683,91.0763361,53.3177621,41.2098493,14.2807452,26.4036779,13.6421779,48.8963133,22.2743566,38.9894343,58.2027333,74.7670175,14.765267,40.7880113,805.6047628
1995-02-01 00:00:00,47.7196018,27.8507755,82.8128415,12.9496992,69.7729708,37.2973407,89.6593755,52.8453883,39.3677381,11.4094284,28.8778321,13.4247321,45.00364,23.3835146,40.9359129,56.9207028,73.4444824,11.8580452,43.1754367,808.7094585
1995-05-01 00:00:00,45.3918637,28.0290858,86.5906109,10.6415619,67.900395,39.2522196,92.3999506,56.6229299,38.858293,14.6553663,27.8352253,15.6501073,49.8958807,23.9708677,44.0539173,57.6788314,78.7819729,11.1758448,43.3943764,832.7793006
1995-08-01 00:00:00,46.2621697,25.6333026,83.9805996,11.3663492,68.2256572,36.2036985,93.3564399,50.4433072,36.2500922,14.6834952,28.3351113,16.3284946,49.6762263,24.4653159,46.0380321,63.8512052,74.1735965,15.7041002,42.2501293,827.2273227
1995-11-01 00:00:00,46.4962439,25.8912891,82.6362158,10.0979739,72.8419851,35.1636508,101.1742365,49.4818092,37.8573422,17.1563504,25.1144564,15.1894708,48.4474147,25.9961776,46.2389267,66.0470006,71.6418846,11.5550279,43.6425084,832.6699647
1996-02-01 00:00:00,40.7107256,29.1230317,80.0603892,9.9288497,69.5683303,35.3090423,102.7828909,52.0499529,37.9983228,16.3423463,24.0118876,13.6357151,50.2400114,25.8722892,44.3443415,64.1267356,76.1019668,15.0347288,42.4252421,829.6667997
1996-05-01 00:00:00,43.3907747,27.2365302,83.2728175,8.1870427,69.3771471,36.0881708,101.4434129,51.8951877,40.2289718,16.0524412,22.4789352,13.8677681,52.4896412,27.304737,44.8409765,60.831935,80.6121728,16.3440699,43.6574645,839.600197
1996-08-01 00:00:00,48.8219634,31.8950956,80.1944542,9.4858421,72.6349612,33.4415137,93.8250521,53.7401787,39.2420631,16.9342347,24.7063704,13.9476579,49.9787752,27.8473504,48.3528705,60.9112583,83.8362361,14.244141,41.5429434,845.5829618
1996-11-01 00:00:00,41.2677535,32.4584581,87.7513931,8.9633566,71.7262974,34.6177502,100.5041309,50.8473731,41.0408418,19.25421,23.4204105,15.0391145,58.1029151,25.3343453,39.0940746,62.2234432,73.4247089,12.0321392,41.9110291,839.0137449
1997-02-01 00:00:00,45.6482897,31.1389247,84.778873,9.4999476,75.9807222,40.7850781,97.853508,48.3826681,37.6833337,17.1589176,24.5664774,15.5660256,59.6615434,27.2210695,36.2862484,60.4113548,79.6522269,13.485766,43.1226322,848.8836069
1997-05-01 00:00:00,45.0389477,30.3142121,79.4244099,7.6955658,76.7779775,49.346559,94.9805183,49.990164,39.4607241,21.5588344,23.9345684,16.8111816,56.088994,29.9168705,37.7609908,59.2730218,75.4209656,13.9650568,44.4341331,852.1936956
1997-08-01 00:00:00,46.1448474,28.2080627,78.9639782,7.4455892,77.2108739,44.8548277,102.1344366,51.8496012,37.1894136,19.5393652,25.0217622,15.6450186,57.543937,28.4283743,41.6492431,58.3646041,78.4933472,15.247837,43.1085562,857.0436756
1997-11-01 00:00:00,41.0647504,27.2038928,80.4098633,7.7069485,73.631326,41.9016082,100.2509772,53.3394965,41.4497659,18.7714702,24.0925986,16.5182277,58.3335868,25.6453169,45.4970566,67.0191974,80.1120999,15.0892124,42.9530872,860.9904824
1998-02-01 00:00:00,40.2139175,28.9794103,87.4053025,8.3441652,72.3362195,41.9230027,100.1903507,53.5346883,44.2536251,18.8892653,24.8292224,18.2431949,55.3114194,26.7663941,42.3190299,62.0137434,81.3335635,15.7007934,44.1979523,866.7852604
1998-05-01 00:00:00,38.9090013,32.2015109,84.6763508,9.937798,71.7190976,41.5987554,103.6675427,59.7624595,43.6086899,16.1008478,26.505091,15.7105252,53.5384802,30.7514228,42.6266001,67.3879927,82.9215017,13.0667099,44.7182796,879.4086572
1998-08-01 00:00:00,47.0983347,30.1619913,87.6751504,8.5599316,67.905923,41.6679108,103.182568,55.748099,41.2109859,16.7436249,21.5301126,18.2235661,56.6309033,33.1718473,44.3887316,65.5880806,84.461333,13.839547,44.9930542,882.7816953
1998-11-01 00:00:00,42.8067421,32.2027369,87.3337397,8.6530981,62.3740957,39.8387593,100.2098469,56.9502496,43.3952828,17.1886564,27.6963583,15.1162395,56.4106955,37.0254918,49.9897485,68.0322846,80.3898864,14.5683868,45.6333154,885.8156142
1999-02-01 00:00:00,43.8259694,28.4968738,82.1312967,6.7546229,72.2182761,41.5392493,96.0284945,60.9796105,43.7382476,15.3055702,30.9303582,12.8709148,56.5407527,37.369402,49.487398,62.5797253,80.4291275,15.1277403,44.5801875,880.9338173
1999-05-01 00:00:00,41.1640085,30.1538085,83.1480521,7.0986602,76.7893925,42.0324636,111.5674577,52.0470566,43.5427057,16.1730345,25.7226797,13.6039995,55.8734065,35.9447769,53.6413126,66.8185297,72.4265345,14.5963484,44.9717813,887.316009
1999-08-01 00:00:00,39.9263393,31.2371288,80.0206087,9.5070997,76.5332485,45.1719946,107.9982249,50.5433542,46.8538317,13.8993824,25.4002478,16.4387254,56.3139036,31.5459495,52.4584378,68.7758221,77.1680632,15.0212857,47.1196508,891.9332988
1999-11-01 00:00:00,40.2095798,31.2884346,88.7933851,11.191067,73.9837803,44.3242901,105.9323674,54.1622155,44.4991153,14.5596296,22.1990123,17.5781999,61.2776168,31.2861134,53.5224084,66.6067921,83.3979467,16.8575093,44.3987651,906.0682286
2000-02-01 00:00:00,43.408,29.6773777,96.4922043,8.7932447,74.4433658,45.0798923,108.0150995,58.1802892,42.3358996,13.2901737,24.284188,18.5751685,56.7834726,30.9413781,49.6565718,68.6860258,82.6841901,15.5475614,41.7515743,908.6256775
2000-05-01 00:00:00,41.8771512,26.2341739,93.4112748,10.5364301,83.6639496,37.4077776,106.3035413,59.7540547,46.5720366,14.8432585,29.0310192,16.7562799,59.0104055,30.3810105,50.0041661,70.0045646,81.5421558,13.7541818,40.755423,911.8428547
2000-08-01 00:00:00,41.66797,33.4004315,84.8140721,12.1074134,79.2998505,37.0383443,103.896199,71.5780506,45.853,17.3546964,26.9562427,19.5009509,54.3520782,35.3411908,51.0494508,69.1502994,81.702154,14.0624861,37.5399736,916.6648541
2000-11-01 00:00:00,39.813557,34.191345,88.156681,10.8393671,81.2556276,34.2818248,100.4252231,63.2171692,48.1149429,16.2157002,26.517377,16.4563601,59.1253333,35.4242674,53.2597442,69.7585592,86.3612178,13.530522,39.3974331,916.3422521
2001-02-01 00:00:00,43.6267204,37.5785852,90.6829503,10.5946469,76.9832874,36.8961393,100.4325029,59.3835615,47.917746,16.5755112,24.3527565,16.053051,66.0629011,36.6626004,51.2882871,68.0848462,89.2346942,13.1693812,40.4305314,926.0107003
2001-05-01 00:00:00,40.6833986,35.1133452,90.2372299,9.1771689,75.8645204,36.9440819,99.5505501,68.5719882,45.2736172,17.1881755,24.2591302,18.7710267,63.9869813,31.4542588,44.9833795,65.2638162,96.6177813,11.1103741,44.5897267,919.6405506
2001-08-01 00:00:00,46.9316864,28.4648808,84.6282034,8.3817313,81.1952407,33.0327833,105.1600662,70.6221111,41.3590678,17.3161853,24.4815936,18.9900369,56.2048721,37.7235406,48.0949397,68.3364124,91.6218043,13.6183923,49.5933719,925.75692
2001-11-01 00:00:00,45.4966413,28.710108,81.8305091,8.4862865,79.8552173,37.612004,109.8953752,68.0774201,40.7726325,15.6779992,27.9962239,21.4333892,54.2683857,32.5580809,50.0897999,72.4131232,90.0968307,15.4047713,53.8791776,934.5539757
2002-02-01 00:00:00,42.8133888,36.7024122,86.6773994,7.8544304,78.9498496,42.2222144,115.3219752,69.2466295,46.2819483,17.7752181,29.9740538,19.4427109,56.466201,26.6620028,53.7727267,72.0286529,80.3067387,13.0774919,45.1695052,940.7455499
2002-05-01 00:00:00,41.851867,37.2488872,89.2393003,7.81034,79.9875044,44.5720329,114.931315,65.2404352,38.6743701,15.4015627,29.4300421,20.022068,55.0378198,27.6127399,53.742386,70.8104689,85.3796024,16.0339114,42.5464452,935.5730986
2002-08-01 00:00:00,35.2559038,33.7321331,90.4432572,8.6515739,79.0444341,41.249543,112.7168557,58.0455218,36.7663121,15.7427525,28.8576102,18.7656043,58.0963493,33.4495747,54.39894,75.1070214,81.9111394,16.8862125,61.0057659,940.1265053
2002-11-01 00:00:00,34.4056203,34.6001878,95.6690801,9.7006559,69.8337596,42.2865629,111.5481207,60.4407196,38.5088339,16.8456024,27.1992109,18.2884827,61.766285,32.2186211,59.2483202,73.776598,86.2280868,15.6365766,60.0517836,948.2531082
2003-02-01 00:00:00,46.7890541,34.9118602,97.2724974,10.9514292,77.3435519,35.591555,121.9924722,59.418905,41.38052,19.6565079,28.0355614,17.7413125,59.1823316,34.4307971,50.7495882,75.4436828,86.4997616,14.6087774,53.1604372,965.1606025
2003-05-01 00:00:00,44.6273361,35.1883028,92.9016179,9.1693263,79.2200287,39.4211159,117.508274,60.3260383,45.5557922,18.4062808,25.2144404,19.6872002,60.9147742,38.4638228,49.1814428,72.2940756,87.5907836,12.7553482,52.5150203,960.9410211
2003-08-01 00:00:00,49.3042468,30.0784653,89.57121,9.1934315,84.7034643,36.0948483,111.8987337,61.7645131,47.4042706,15.9212313,24.6487959,18.4156915,53.8209629,39.4719492,51.2824639,76.5327639,91.2524917,13.2439824,48.1563875,952.7599038
2003-11-01 00:00:00,48.7772832,35.9406693,83.9367745,6.7081103,84.868342,37.0573581,118.1109901,54.3686121,48.4831894,14.3947043,26.3393458,20.9606894,60.733523,39.6240354,52.8084042,77.2840687,92.243927,15.2523069,43.2525389,961.1448726
2004-02-01 00:00:00,46.3311957,41.0659365,85.7579247,9.3303323,83.3648683,42.2199414,117.0311916,56.7793593,47.4220962,16.9927502,26.4985745,21.5348001,62.6407775,34.0862806,48.125804,73.6129054,94.2907699,15.5835284,48.5929111,971.2619477
2004-05-01 00:00:00,46.1080939,46.0814708,87.8969242,9.7195244,80.7943095,43.0538675,116.3049383,56.7801868,42.6641084,16.8379321,28.6652022,21.182005,58.5595643,35.3617986,52.5838662,78.2713158,96.3842184,15.4377588,49.2359876,981.9230728
2004-08-01 00:00:00,43.1502373,36.7383445,93.5483252,10.1061717,83.6561343,42.6015872,116.1837651,55.515363,47.3983602,16.1935502,28.2970928,18.409222,56.6093544,42.2779984,56.4898152,69.6253045,88.1049708,14.7233055,49.6096259,969.2385283
2004-11-01 00:00:00,43.2285829,36.9568714,95.6513894,11.6316191,89.7590325,42.1371287,116.7450361,64.9979779,42.887936,19.7804268,26.1903665,20.0420623,57.5069499,41.3532096,62.5992582,69.4827268,95.2423632,14.3896706,50.0127102,1000.5953182
2005-02-01 00:00:00,48.1133966,44.4299312,86.9572202,14.7021266,92.4933301,37.4943249,113.5621468,63.388317,49.8882084,18.0074815,26.7019353,22.978818,69.3328726,41.1909767,59.9351257,71.3719805,99.4039045,11.4243133,44.6757863,1016.0521961
2005-05-01 00:00:00,52.0555352,47.634362,94.8063102,12.192708,99.2274471,34.7353443,118.162186,63.0747599,45.9582637,19.365769,24.0548455,23.066091,68.4369776,33.9032151,62.2640382,78.807063,102.5845189,16.0442081,41.3896946,1037.7633374
2005-08-01 00:00:00,56.3359614,46.8383987,86.7456776,13.110762,100.0837121,33.9112964,117.3203852,59.9595975,47.0680151,18.1064636,25.1003185,20.4433072,67.9209438,35.5024697,61.6911697,82.1098983,105.2009195,19.6386892,42.8222237,1039.9102092
2005-11-01 00:00:00,56.9208272,51.611469,93.5706797,9.0364448,99.2664173,36.6762684,113.1439939,62.4615332,51.3740829,19.0317676,27.8304263,18.6172438,75.6960508,34.6082484,66.9057706,75.7149697,102.2266395,18.5862941,40.1910149,1053.4701424
2006-02-01 00:00:00,57.7771174,45.9183036,91.0175701,11.2298669,111.1812248,37.9029165,119.6790352,61.4751903,48.8147881,18.1039801,26.4581867,22.3911695,72.1482042,38.5275987,63.3518523,65.6229707,106.8943132,19.0903209,41.4343472,1059.0189565
2006-05-01 00:00:00,48.0126794,54.1962305,95.7629118,11.9180835,104.7431668,40.7848475,120.7811752,68.1479361,44.3960866,22.3557072,28.8586235,20.0279158,71.0238976,39.0581601,63.4428042,72.1754854,103.4236004,19.753041,46.2366347,1075.0989873
2006-08-01 00:00:00,42.5166791,54.0774042,95.5153281,13.5571461,106.5395032,38.0292411,114.5314945,67.3507867,45.8665741,21.3641045,29.6257378,21.5512988,76.9269101,39.9460502,59.6718207,77.1875074,99.6538104,17.9599625,45.9349119,1067.8062714
2006-11-01 00:00:00,40.7163654,52.2664069,93.9948691,14.4882168,116.9961127,37.9782042,125.8824489,62.6727478,43.7842015,17.7950291,28.7277555,22.8763649,75.097604,38.4240242,72.1276189,77.9265058,98.0575041,22.9920415,42.1468453,1084.9508668
2007-02-01 00:00:00,43.9542268,51.9553909,99.7256885,13.5277102,111.3408672,38.7511038,126.2158939,68.0725272,44.9165528,17.0618626,29.8323061,22.4647885,75.1761745,37.8265322,74.5940331,77.2077072,109.0923434,17.8803282,38.1091913,1097.7052283
2007-05-01 00:00:00,42.2806133,49.5386133,96.8412668,15.0620098,106.7319009,39.9617056,127.8447505,69.689352,48.9641153,19.3309792,32.9454032,23.3136719,81.5624349,39.3282188,70.6267474,81.2758163,107.2033066,20.7341961,38.2286854,1111.4637876
2007-08-01 00:00:00,43.1521789,51.9742269,92.6969227,13.6039099,106.8444569,37.1813463,126.6335083,67.8689965,51.315873,16.204313,33.328493,22.7378577,93.337462,39.0122809,64.7663361,82.1688661,114.9580619,21.9874537,41.2495293,1121.0220732
2007-11-01 00:00:00,43.6220045,51.7249297,94.7141088,13.2860738,127.0109602,30.9837679,120.8242251,61.527285,56.2399322,17.205594,29.0105866,24.6959355,86.474874,38.7173434,62.2433893,84.6244641,115.7252023,21.5097982,46.5923224,1126.7327969
2008-02-01 00:00:00,42.2471941,56.3606048,103.0105229,13.6877239,125.8428282,34.8567918,125.8523518,55.1795063,53.732,13.6565061,31.620628,22.2071835,87.9325298,39.9603835,64.3596131,86.6927673,112.3214958,23.3794639,51.6308841,1144.5309787
2008-05-01 00:00:00,34.3910026,75.280254,103.3355715,16.819741,124.7610837,37.48132,114.8441436,62.2389312,52.3147184,17.3871275,29.7665337,22.8768835,78.5736196,43.2728413,64.748624,89.3206645,108.1115855,20.0463564,50.6656514,1146.2366533
2008-08-01 00:00:00,38.9113138,71.8342964,99.7145799,20.6727245,124.6965734,39.2906634,124.173366,72.3134437,55.6356227,17.6331302,29.1603476,26.9419431,82.336056,37.9573117,65.74001,91.4024712,110.4926526,20.3705816,49.7550356,1179.0321237
2008-11-01 00:00:00,49.0558307,74.295973,96.9086044,19.6730896,127.4232253,41.5655281,131.8632172,67.9477937,64.8418727,12.9333247,30.5506864,24.5759759,75.7271668,33.652271,68.0672462,78.4351683,116.3827183,18.4128408,50.0069327,1182.3194656
2009-02-01 00:00:00,46.7557825,59.624741,105.0622569,22.5902496,124.399914,42.2668273,149.798807,65.4984289,61.1490896,14.2807255,26.3486136,21.5413436,67.3591187,35.9739462,75.2213998,77.5876673,116.951155,20.545273,46.805286,1179.7606255
2009-05-01 00:00:00,31.2558716,54.5439985,96.2445004,13.934626,123.8081663,41.559509,145.645862,64.4430775,69.7846718,11.696037,30.1202175,21.3097835,69.0651432,37.8477525,82.3739753,86.1036841,132.5889612,22.7536419,52.4888865,1187.568366
2009-08-01 00:00:00,39.6766426,61.4984941,97.0901202,13.2079162,127.5699674,39.5556046,128.1727987,73.8704191,66.2711461,16.2987279,32.5605336,18.4758469,67.3138994,36.3868432,67.7010908,93.2014337,125.5673399,17.8751744,46.4201134,1168.7141122
2009-11-01 00:00:00,35.8363842,66.2183681,96.126108,12.3154151,127.2161699,40.825465,127.7282591,73.4060769,57.2613857,17.8295895,27.5061035,18.9197907,84.9325556,39.1914585,65.606481,97.5291418,115.1848548,20.0807542,49.98855,1173.7029116
2010-02-01 00:00:00,34.593382,77.2441183,90.6810104,15.3992633,125.1153321,43.6898847,112.3533288,70.8765661,64.4169939,13.6339096,28.302687,16.8743862,91.9911534,38.6388273,69.730829,95.6283521,120.8767539,15.8286695,61.8725058,1187.7479532
2010-05-01 00:00:00,35.5467645,82.012452,86.6454113,17.0787043,122.2296573,42.7744979,119.2876824,68.1026799,73.9219461,14.2758315,31.5042703,23.6892552,88.9626034,37.2069206,68.7586766,93.6404712,114.1463749,19.1190126,56.8726348,1195.7758469
2010-08-01 00:00:00,36.9078409,88.0521024,86.1940075,17.7352303,126.2643652,36.3239223,128.7914976,71.2750887,61.9271,11.1551421,32.6355399,20.3244512,91.1388427,35.3754526,74.5450513,93.4878171,117.6411253,22.0374652,57.0495282,1208.8615704
2010-11-01 00:00:00,44.4957785,90.0402879,83.4164206,16.0597996,134.000792,40.2247402,120.2789049,69.5922933,52.0123489,15.528144,30.759146,22.2605712,93.028709,40.853477,70.67245,96.7172806,121.8984177,17.910879,58.2570671,1218.0075076
2011-02-01 00:00:00,40.2261648,85.6531003,90.780292,17.6383766,128.5037072,41.9537801,122.4888354,75.3740881,59.5187164,14.8064034,26.8359119,24.2446789,84.7384892,42.2761479,73.291308,90.4347441,115.9917967,21.1547587,53.9736983,1209.884998
2011-05-01 00:00:00,37.3145995,91.0448296,90.9208723,16.1439004,138.7532324,41.2903765,138.3316423,68.0221564,55.8568379,17.0107718,23.2288506,20.8932645,83.3551491,51.0086786,75.4453205,98.9742791,122.7498388,22.4265307,53.3109619,1246.0820928
2011-08-01 00:00:00,32.3681607,93.0727341,78.9899995,15.4784,134.5603249,41.6414298,134.2632876,74.9620199,60.8833694,13.5765875,26.0447843,18.223128,94.1284909,45.0208373,75.0167577,94.0533676,137.30480119999999,19.8158067,51.7284202,1241.1327074
2011-11-01 00:00:00,32.1057552,107.3472781,90.6193667,13.7990519,121.8907124,47.5319047,129.184779,75.7195569,59.8188522,13.5211698,28.9011152,25.5587838,97.1115823,31.4677205,79.2207161,90.5021029,140.560853,23.0263161,47.5615022,1255.4491191
2012-02-01 00:00:00,31.9537617,108.4161664,97.2763424,17.5336427,133.5372423,38.6352313,128.0647775,70.8450139,61.5254884,11.8627426,32.6002797,31.1736387,94.6029442,41.0106565,72.7003667,88.6005945,144.8381384,20.2409462,58.1681989,1283.5861729
2012-05-01 00:00:00,34.8103897,119.8213909,101.2514605,18.9167635,120.3587723,39.3892815,133.4977974,74.9806557,60.7899771,13.3617466,30.4961574,28.2105263,91.3605874,48.2979588,71.7123034,99.4595345,140.9056651,22.192013,57.8618091,1307.67479
2012-08-01 00:00:00,34.711442,121.4346826,91.7238567,20.7894263,126.891809,39.9832824,130.7253389,67.4010482,54.980569,15.8059297,35.4271209,24.7702949,101.3019104,49.7665009,67.0570776,103.9151137,136.4904938,21.6383137,53.1822086,1297.9964193
2012-11-01 00:00:00,36.9789815,112.1918597,94.0384533,21.6497477,127.018549,38.7019083,136.2167494,74.659031,60.0180275,16.2389687,30.3328913,22.0295778,98.2377586,51.3604249,72.5819031,93.7804423,144.9350841,22.7742244,56.5314142,1310.2759967
2013-02-01 00:00:00,34.4711219,113.1546622,87.6577107,23.3069786,130.0903781,43.1135099,136.6432558,68.0666147,68.9375869,15.8754995,31.470062,22.0407867,110.5507304,47.9835324,73.891529,93.492417,137.4625606,21.1627058,49.2819338,1308.6535763
2013-05-01 00:00:00,29.6763428,105.5831334,89.6680653,22.0151709,132.0300621,44.1231807,137.96837,74.4570474,69.7219311,14.5831638,32.984141,23.3833753,97.1181829,41.9078593,75.5443831,98.7703023,139.7180453,23.9623948,53.8452152,1307.0603664
2013-08-01 00:00:00,25.8864325,104.9912649,84.2281954,22.6505454,143.9976822,39.1471832,126.861704,74.9440395,65.8418244,12.2918021,36.6004401,25.3138101,98.8979047,43.8448295,83.7830208,95.466987,131.915064,17.1061174,59.878527,1293.6473743
2013-11-01 00:00:00,28.3188978,102.9951033,93.8068459,21.671903,142.464451,34.6162776,127.7713659,82.6693877,75.5562716,12.9499132,35.1820173,26.5101491,94.6216477,40.731738,78.5576451,93.6830397,138.8434842,19.0167998,52.944194,1302.9111318
2014-02-01 00:00:00,26.7078151,112.2761625,88.3388169,22.2229118,130.0533526,37.9820962,129.3456384,76.4828132,74.7451287,13.32498,36.132585,28.4817589,97.9272306,37.0494603,75.8676699,95.4379313,138.8972945,21.6846815,58.5471345,1301.505462
2014-05-01 00:00:00,30.6772266,97.2273676,88.5576574,19.6253538,131.4018091,41.2243056,140.6944172,75.0498269,66.3110003,15.8786508,36.8019628,34.7806233,113.4701888,42.596378,72.2675354,102.9795202,132.1725327,21.1359104,52.7927846,1315.6450516
2014-08-01 00:00:00,26.799527,90.4911818,82.7270513,14.5772206,139.1597253,43.6967391,146.4634603,74.0006617,58.9313864,13.9317946,35.2082075,33.280389,117.6714757,41.5753742,74.003319,96.5292068,145.23502,25.1548326,53.5494129,1312.9859859
2014-11-01 00:00:00,38.1848892,94.1974199,83.6934784,16.1680103,144.4880129,41.4580931,127.3092242,88.7393756,64.9060181,13.0521747,29.9776752,27.2500465,106.7422382,41.1434606,78.6525793,101.8067913,144.1752681,33.0755952,50.392358,1325.4127089
2015-02-01 00:00:00,31.5329603,85.7238211,88.8902016,13.0413301,133.2949337,49.102619,128.7676785,90.1405829,64.9568523,13.1877396,33.6818557,27.2603378,113.4774114,51.5081002,76.7019253,99.7985826,148.3394146,30.6732633,54.4357286,1334.5153386
2015-05-01 00:00:00,29.181409,90.6239355,85.1398239,15.544819,150.4317094,40.6102262,119.4676112,81.5615429,71.7906882,12.7046807,31.1344807,26.6550677,106.8766403,45.6497444,82.3957071,99.7437596,160.8156899,28.0870455,66.0151653,1344.4297466
2015-08-01 00:00:00,23.6448462,100.5048479,82.3773007,15.0425869,157.0762813,35.570005,120.3761025,85.8615624,69.2580212,16.2857406,30.9227215,23.4236928,93.9319003,42.8077433,71.692165,99.85336,163.2806829,25.8797624,55.6817951,1313.4711177
2015-11-01 00:00:00,24.8400116,92.2957005,77.0111745,12.850972,146.6556625,37.506237,139.3188874,92.9525771,69.3013691,15.0840072,31.7512427,24.685093,101.3777619,44.9445885,74.6455639,94.8820748,151.3714848,24.0051459,56.5637175,1312.0432719
2016-02-01 00:00:00,29.5215586,96.4792895,69.2463796,12.0362053,139.2757774,33.4803665,142.9289121,90.371569,75.3278946,15.5318519,26.0097797,23.7111511,102.2611542,40.6655235,78.9083344,94.5131086,153.8041247,27.0605011,60.7611905,1311.8946724
2016-05-01 00:00:00,31.0141104,105.6622648,87.2131893,17.4741658,135.1171285,42.1933716,134.3467669,90.3849298,63.4698706,16.4662459,27.4948335,23.5626703,94.560253,40.5826219,82.5006442,90.8427729,151.2615464,28.8071067,59.0022455,1321.9567379
2016-08-01 00:00:00,32.3452559,92.7437658,79.6659651,18.3927997,121.0744156,32.5735421,131.7527436,93.2979292,62.3012485,13.2137895,29.0339692,22.2229958,103.2703929,43.3592452,66.4368232,97.7326524,153.8408958,28.8717292,61.5282604,1283.6584193
2016-11-01 00:00:00,33.9569958,100.1104641,83.7199674,17.3470636,124.746389,39.4562365,132.1510259,86.0349646,66.0454161,15.9733913,35.494397,20.70805,96.789862,41.0446132,83.0600639,99.4917033,142.707901,26.1010638,51.2907012,1296.2302696
2017-02-01 00:00:00,35.8218798,102.3316167,75.7976108,17.7222109,131.9456949,38.12832,129.4655242,91.5064232,63.7225393,13.196258,36.2373586,23.7459185,85.0652735,48.6982164,80.4853751,101.4955443,148.3636444,24.9983948,55.6153509,1304.3431543
2017-05-01 00:00:00,40.1387597,96.6127694,71.383761,15.5433317,140.8359296,44.1016151,122.7317481,98.5713388,63.8468839,13.9832446,34.75778,23.9758874,92.522177,38.5903369,73.2951154,104.1924364,164.172151,24.7478621,62.6804523,1326.6835803
2017-08-01 00:00:00,40.282828,95.19139,66.5282637,20.5270219,140.0214961,32.6400338,121.0819561,98.7225093,59.1581081,13.1953682,32.4804453,21.8926679,91.0558665,44.0035162,71.3553925,111.9789712,164.580404,26.1990916,58.4664065,1309.361737
2017-11-01 00:00:00,44.3427662,97.7278291,67.4799914,17.2974496,137.4815186,33.8282917,128.6247126,96.5460785,60.0203982,17.2460492,28.8719187,20.8698438,94.4797066,41.5457909,76.1997589,123.5684841,162.0961805,27.3244614,54.4480309,1329.9992608
2018-02-01 00:00:00,44.1223894,102.8254188,83.876161,21.3051108,134.5101594,33.8968585,114.273568,92.852267,61.4676365,13.7820103,31.5016746,16.0978427,91.867162,41.1315048,78.2975027,117.7618291,170.9106529,33.956126,51.2137945,1335.6496689
2018-05-01 00:00:00,41.6068836,113.5230174,90.7978697,21.0648093,123.4090333,27.4650776,107.2871852,98.7295759,61.4539502,14.555418,24.4855508,22.1848291,90.2818285,44.887203,91.5587897,110.9276087,179.7649272,33.7866412,52.5725872,1350.3427854
2018-08-01 00:00:00,43.3682823,113.8128517,82.7907191,18.3199273,123.6014633,36.5182801,118.6042434,91.8465339,65.1511066,13.4901862,25.0732623,20.0817274,89.7513157,46.649238,92.8442141,103.0891922,174.2658245,25.1532701,58.3384016,1342.75004
2018-11-01 00:00:00,45.5570578,120.1364295,92.7286369,21.6813875,123.6210626,40.9393287,124.5963301,94.0653306,62.0439047,12.6914371,25.1306779,22.8853307,97.6462196,38.0059064,86.233936,109.861389,165.4467424,27.7362119,52.2143107,1363.2216302
2019-02-01 00:00:00,34.9329863,114.5037908,83.8869327,20.2694067,122.8132128,39.7304184,136.5771965,92.3237825,66.1005146,14.0507549,27.0041655,19.303109,111.2188007,41.0911579,94.0812844,98.7087585,157.7308142,22.9326596,61.8250065,1359.0847523
2019-05-01 00:00:00,38.2269617,115.8104432,93.9526156,19.8128958,131.4050712,46.4762135,124.9232365,91.1210002,58.6912834,10.300459,29.6924523,26.5877116,113.7246863,46.4370655,84.5361003,113.3480245,149.4855204,24.774448,52.4743724,1371.7805614
2019-08-01 00:00:00,35.0200402,127.4595474,83.9707005,21.2656402,123.2272201,41.1804791,133.7070757,75.8589944,72.6906305,11.5349701,31.6533717,22.3541111,115.323133,41.7374929,80.2174689,116.0614093,166.867251,24.9776449,48.4441665,1373.5513475
2019-11-01 00:00:00,36.5999726,129.2277882,83.4417558,21.8254196,125.731417,37.4067051,122.076967,86.2367429,71.150976,13.902883,28.5603758,21.5653516,113.4778387,45.5670748,85.2235412,113.9985168,169.738842,26.4042219,58.8899284,1391.0263184
2020-02-01 00:00:00,37.0530703,126.5639542,72.6555188,15.6242873,125.2394719,44.239146,127.3443499,98.8485343,69.0738156,14.6094272,31.3059148,26.1912583,108.9888803,40.0449255,97.8987614,112.2267422,171.2578618,23.3801015,61.9733452,1404.5193664
2020-05-01 00:00:00,37.5094073,113.6872598,75.2302639,27.1002915,132.4986345,40.5689467,109.4884186,70.4119087,56.2024287,12.3347802,29.3434864,32.5472547,106.8846426,36.8267219,92.8257388,102.3033949,160.1568594,17.9336914,54.9686053,1308.8227352
2020-08-01 00:00:00,38.0355666,125.8529162,78.4566409,23.5195042,126.715978,32.0216278,113.8452383,84.7308719,54.4725105,15.7177183,28.3810686,25.0459234,110.63461,45.0683062,104.5047973,109.7748786,175.1706146,22.5020013,56.774401,1371.2251736
2020-11-01 00:00:00,38.7440937,133.5109257,76.636997,23.232831,120.412057,42.8548385,128.0959727,90.4666442,64.9073353,11.2701964,29.9270008,21.4227295,112.3946117,47.0593347,88.5405177,118.5572983,182.9567277,21.8332977,53.9832288,1406.8066386
2021-02-01 00:00:00,30.2632819,126.282911,81.049689,28.2539056,116.0696026,46.9756621,113.0013994,99.6270092,71.4473216,9.887478,32.3834594,23.0212753,102.997979,40.6617404,78.3627544,109.0434034,203.6708935,20.3234803,59.9784682,1393.3017142
2021-05-01 00:00:00,29.3119987,129.7768575,87.7457919,19.0890419,136.7484866,34.8253402,121.366614,95.3457908,72.6288987,8.4724213,29.0573832,20.9064988,107.4965993,43.8867088,84.3863149,132.7108772,194.6461673,27.3664752,55.8083859,1431.5766522
2021-08-01 00:00:00,28.1143979,134.6800337,86.2479438,16.594687,125.2484565,34.8069165,137.6011307,97.4186058,68.0832033,12.3342188,32.0016216,22.9417773,111.7935404,43.1501148,99.8232593,127.6769445,185.0205701,23.4514177,64.0934149,1451.0822547
2021-11-01 00:00:00,36.8327014,148.0046703,88.5642185,14.7444353,133.7124259,39.3217923,138.1188123,87.3802042,70.9418763,10.6435136,31.9345619,22.601349,110.4292414,47.5900239,105.0660979,111.2446278,193.8746135,26.6452237,65.0909084,1482.7412976
2022-02-01 00:00:00,33.5725866,146.7570486,76.1370935,16.4156031,132.5237763,35.4255969,151.0849507,94.1213756,74.8888745,17.529259,37.2945969,23.4781428,114.4003419,46.6508649,96.4588589,111.4914375,198.1995127,24.0953436,62.2430097,1492.7682736
2022-05-01 00:00:00,30.8598041,165.044536,79.2835189,21.0205444,132.2212147,35.5364818,134.8513625,102.6009828,74.0960172,15.4676271,34.8701955,22.8887004,103.5404551,46.3782604,102.6390456,114.3488012,205.6887519,27.9994266,58.2769819,1507.612708
2022-08-01 00:00:00,31.2760799,150.9491566,79.4708063,23.4836948,131.7084086,37.2174596,128.0393741,106.78933,74.3328219,13.0206266,33.7957879,25.0914245,128.0596248,49.9122797,95.7514137,122.4438369,198.6353714,27.8634366,54.0975633,1511.9384971
2022-11-01 00:00:00,36.7832223,157.8832577,83.29927,21.9460826,142.4084176,41.0824088,123.3075841,99.2740739,79.1525971,12.6436573,34.0048465,21.612303,124.154726,50.7985107,90.9779192,121.1514557,200.5243265,27.9623006,58.9101328,1527.8770923
2023-02-01 00:00:00,30.3341555,155.9213079,93.9188705,14.0536418,144.227018,48.1409786,121.3629127,105.4372791,76.1576173,12.0816805,32.9272639,25.4076316,120.5260791,48.0934454,81.4788157,118.3930306,212.0272541,24.5192056,67.5180584,1532.5262464
2023-05-01 00:00:00,27.3543174,175.4351394,83.3252235,13.5327046,142.1296701,37.9209519,137.01695,98.0581188,76.5836372,18.0971642,35.7135758,22.8950764,119.1737583,41.3331368,77.5060403,131.927361,213.9447428,30.2796962,66.9077244,1549.134989
2023-08-01 00:00:00,27.4482916,167.4037197,88.4163501,15.0214404,149.6785895,44.3518707,145.7117619,97.9725276,79.6312184,10.9742073,27.9615618,24.5137189,121.2656236,43.6075999,78.877913,125.1738893,215.225922,35.4850808,66.9376253,1565.6589119
2023-11-01 00:00:00,26.2431957,153.3989308,86.8106006,22.1270768,145.6529386,44.2983638,131.0574222,96.4451115,84.9049115,13.1593383,30.8938264,21.7245085,130.9412783,46.0729513,88.4973753,132.5243917,231.089113,37.9330507,69.4330207,1593.2074057
2024-02-01 00:00:00,30.0836118,141.9963331,77.8563794,19.4667872,140.0537479,44.7412106,143.203378,93.7844773,86.5945923,13.0924342,37.3547739,19.9319989,136.6557371,48.179285,86.2161783,140.72225,262.1128974,23.1855154,61.714908,1606.9464958
2024-05-01 00:00:00,33.4416398,144.021865,74.4146956,27.7033625,159.159247,46.3612311,132.4245317,109.0600182,77.639114,15.5195527,35.6793581,20.5070044,129.8724906,47.0388289,98.3934551,134.8800559,246.5629337,25.2984702,61.7243175,1619.7021721
2024-08-01 00:00:00,32.3963909,154.9562725,77.00038,25.7361856,152.8204547,42.1430403,135.4020712,102.1301644,79.8137232,12.3396671,26.4353349,22.45596,135.2959475,54.3375042,101.5443784,139.1055721,237.9432477,27.3501315,55.6577987,1614.8642247
